Need,Amazon Item,"Price ($10, $20, or $30)",,"Note: the item should be as close to $10, $20 or $30 as possible so when people want to buy $20 or $40 worth of the item we can just change the quantity"
,,,,
Air Mattresses,B002BW7QCU,20,,
Baby Food,B00XCLFZLS,20,,
Baby Formula,B001U2HRL,10,,
Baby Items,B00FW6TNJQ,10,,
Baby Wipes,B008KJQMA0,30,,
Bed Linens,B00NLLUMOE,30,,
Blankets,B00J7B8T5Q,20,,
Canes,B01MYWUDP7,30,,
Charging Cables,B07434ZKFM,10,,
Cleaning Supplies,B00HSC9F2C,10,,
Clothing,B00KBZOR9O,20,,
Diapers,B00TFXH3F8,10,,
Food Items,B01ADWNVGE,20,,
Gloves,B00I4R6STS,5,,
Granola Bars,B072FL4V84,20,,
Medical Supplies,B000HVVCO0,20,,
Non-perishable Food,B01CLHQZOY,10,,
Packing Supplies,B00CFCSVQG,30,,
Paper Towels,B019XEY5GS,10,,
Pasta,B00SV4T6O8,10,,
Pet Items,B00BD76MRY,30,,
Pillow Cases,B06XKK1N41,10,,
Pillows,B01E9IPB5C,20,,
Sharpies,B01DN8TPG0,10,,
Sheetrock Cutters,B001NKDAKS,10,,
Shoes,B073S7SZ1L,30,,
Socks,B00E4I4XS4,10,,
Suitcases,B00C6OV63S,40,,
Toilet Paper,B01GTNVWYO,20,,
Toiletries,B00INVCHCC,20,,
Towels,B010S5VXKC,20,,
Trash Bags,B00ASBOP9S,10,,
Underwear,B01MPYJK69,10,,
Water,B00LLKWVL4,10,,
Wheelchairs,B0013Z1Z00,100,,